attributes,corr
residual sugar,0.013731637340066305
"free sulfur
dioxide",0.05065605724427631
pH,0.057731391205382156
fixed acidity,0.12405164911322429
chlorides,0.12890655993005273
density,0.17491922778334998
"total sulfu
dioxide",0.1851002889265378
citric acid,0.22637251431804142
sulphates,0.2513970790692613
volatile acidity,0.390557780264007
alcohol,0.4761663239995364
