attributes,corr
"free sulfur
dioxide",0.008158067123436051
citric acid,0.009209090883975415
sulphates,0.05367787713279205
"residual
sugar",0.09757682889469312
pH,0.09942724573666414
fixed acidity,0.11366283071301789
"total sulfur
dioxide",0.1747372175970627
volatile acidity,0.19472296892113417
chlorides,0.20993441094676044
density,0.3071233127347298
alcohol,0.435574715461658
